Employee_ID,Age,Years_at_Company,Performance_Score,Leadership_Score,Training_Hours,Projects_Handled,Peer_Review_Score,Current_Position_Level,Promotion_Eligible
EMP0001,24.0,21.0,2.0,44.0,42.0,19.0,61.0,Junior,0
EMP0002,50.0,8.0,5.0,45.0,66.0,11.0,6.0,Junior,0
EMP0003,56.0,9.0,5.0,19.0,96.0,6.0,86.0,Lead,0
EMP0004,39.0,24.0,4.0,51.0,16.0,6.0,52.0,Senior,0
EMP0005,41.0,15.0,4.0,64.0,57.0,16.0,59.0,Junior,0
EMP0006,44.0,15.0,1.0,76.0,143.0,19.0,32.0,Junior,1
EMP0007,55.0,19.0,4.0,75.0,98.0,5.0,91.0,Senior,0
EMP0008,41.0,11.0,3.0,67.0,145.0,8.0,19.0,Mid,0
EMP0009,31.0,6.0,2.0,75.0,184.0,19.0,36.0,Junior,0
EMP0010,54.0,17.0,1.0,92.0,71.0,1.0,1.0,Mid,0
EMP0011,54.0,14.0,4.0,51.0,63.0,5.0,94.0,Mid,1
EMP0012,47.0,5.0,4.0,15.0,108.0,10.0,34.0,Junior,0
EMP0013,41.0,16.0,1.0,95.0,127.0,2.0,87.0,Mid,1
EMP0014,36.0,24.0,4.0,47.0,61.0,14.0,53.0,Lead,1
EMP0015,58.0,4.0,4.0,22.0,143.0,14.0,48.0,Junior,0
EMP0016,54.0,14.0,4.0,1.0,186.0,2.0,3.0,Lead,0
EMP0017,38.0,27.0,1.0,69.0,31.0,10.0,68.0,Lead,0
EMP0018,26.0,15.0,3.0,51.0,72.0,2.0,51.0,Junior,0
EMP0019,25.0,18.0,1.0,93.0,57.0,17.0,87.0,Senior,0
EMP0020,24.0,2.0,1.0,62.0,36.0,12.0,73.0,Lead,1
EMP0021,42.0,2.0,4.0,27.0,18.0,18.0,50.0,Junior,1
EMP0023,42.0,15.0,2.0,1.0,197.0,10.0,80.0,Mid,1
EMP0024,29.0,7.0,5.0,33.0,103.0,18.0,51.0,Senior,0
EMP0025,57.0,15.0,2.0,80.0,180.0,10.0,88.0,Lead,0
EMP0026,50.0,4.0,4.0,88.0,4.0,7.0,62.0,Junior,1
EMP0027,55.0,14.0,2.0,10.0,131.0,16.0,56.0,Mid,0
EMP0028,43.0,15.0,3.0,51.0,40.0,14.0,12.0,Lead,0
EMP0029,52.0,13.0,3.0,52.0,103.0,0.0,8.0,Junior,0
EMP0030,49.0,20.0,4.0,62.0,192.0,2.0,4.0,Mid,0
EMP0031,56.0,16.0,3.0,61.0,13.0,8.0,51.0,Mid,0
EMP0032,55.0,6.0,4.0,38.0,170.0,13.0,16.0,Lead,1
EMP0033,34.0,4.0,4.0,18.0,38.0,14.0,2.0,Mid,0
EMP0034,25.0,23.0,1.0,1.0,56.0,18.0,75.0,Senior,0
EMP0035,27.0,26.0,2.0,42.0,80.0,10.0,45.0,Senior,0
EMP0036,22.0,24.0,1.0,30.0,31.0,14.0,53.0,Lead,0
EMP0037,33.0,20.0,4.0,64.0,79.0,10.0,19.0,Lead,0
EMP0038,56.0,13.0,5.0,51.0,82.0,17.0,21.0,Junior,1
EMP0039,32.0,7.0,5.0,51.0,28.0,15.0,41.0,Lead,1
EMP0040,44.0,13.0,4.0,63.0,170.0,10.0,78.0,Junior,0
EMP0041,35.0,1.0,5.0,10.0,128.0,10.0,39.0,Mid,1
EMP0042,40.0,14.0,2.0,89.0,115.0,7.0,54.0,Lead,0
EMP0043,58.0,2.0,1.0,12.0,74.0,10.0,6.0,Mid,0
EMP0044,37.0,25.0,2.0,92.0,49.0,19.0,68.0,Mid,0
EMP0045,49.0,3.0,3.0,62.0,25.0,10.0,64.0,Lead,0
EMP0046,52.0,1.0,1.0,51.0,171.0,2.0,79.0,Senior,0
EMP0047,28.0,2.0,1.0,49.0,72.0,5.0,59.0,Junior,1
EMP0048,48.0,22.0,2.0,12.0,179.0,17.0,73.0,Senior,0
EMP0050,28.0,14.0,4.0,29.0,103.0,19.0,98.0,Senior,1
EMP0051,36.0,2.0,2.0,53.0,94.0,13.0,13.0,Senior,0
EMP0052,33.0,15.0,5.0,36.0,157.0,10.0,33.0,Lead,0
EMP0053,29.0,8.0,2.0,24.0,92.0,12.0,46.0,Lead,1
EMP0054,23.0,15.0,5.0,34.0,142.0,2.0,15.0,Senior,0
EMP0055,59.0,19.0,2.0,45.0,36.0,13.0,74.0,Junior,0
EMP0056,47.0,10.0,4.0,54.0,189.0,3.0,21.0,Junior,0
EMP0057,42.0,15.0,3.0,81.0,84.0,11.0,25.0,Lead,1
EMP0058,34.0,25.0,3.0,16.0,106.0,8.0,7.0,Senior,0
EMP0059,40.0,25.0,4.0,62.0,60.0,1.0,7.0,Senior,0
EMP0060,39.0,15.0,3.0,13.0,147.0,18.0,6.0,Mid,1
EMP0061,23.0,29.0,5.0,14.0,153.0,1.0,60.0,Mid,0
EMP0062,49.0,9.0,4.0,76.0,161.0,8.0,39.0,Lead,0
EMP0063,44.0,28.0,3.0,3.0,130.0,18.0,51.0,Junior,0
EMP0065,25.0,25.0,2.0,44.0,101.0,12.0,24.0,Junior,0
EMP0066,33.0,16.0,1.0,19.0,171.0,17.0,82.0,Junior,1
EMP0067,43.0,24.0,2.0,9.0,127.0,4.0,36.0,Senior,1
EMP0068,41.0,10.0,1.0,24.0,31.0,18.0,15.0,Senior,1
EMP0069,56.0,26.0,4.0,3.0,192.0,4.0,67.0,Mid,0
EMP0070,25.0,23.0,2.0,83.0,189.0,11.0,25.0,Senior,0
EMP0071,33.0,14.0,4.0,86.0,91.0,18.0,0.0,Lead,0
EMP0072,25.0,11.0,3.0,3.0,180.0,7.0,27.0,Lead,0
EMP0073,52.0,24.0,2.0,8.0,5.0,9.0,51.0,Mid,1
EMP0074,28.0,25.0,5.0,56.0,66.0,15.0,32.0,Senior,1
EMP0075,31.0,6.0,3.0,47.0,92.0,9.0,69.0,Senior,0
EMP0076,45.0,23.0,5.0,28.0,196.0,19.0,85.0,Mid,0
EMP0077,36.0,12.0,5.0,57.0,171.0,9.0,23.0,Mid,1
EMP0078,41.0,29.0,1.0,88.0,191.0,8.0,68.0,Mid,0
EMP0079,28.0,2.0,5.0,34.0,103.0,4.0,60.0,Lead,0
EMP0080,34.0,21.0,2.0,13.0,105.0,6.0,84.0,Junior,0
EMP0081,49.0,20.0,4.0,33.0,24.0,4.0,46.0,Lead,0
EMP0082,39.0,13.0,5.0,45.0,197.0,14.0,25.0,Mid,0
EMP0083,32.0,2.0,1.0,11.0,111.0,10.0,92.0,Mid,1
EMP0084,57.0,23.0,5.0,63.0,141.0,16.0,52.0,Mid,0
EMP0085,57.0,28.0,4.0,47.0,89.0,10.0,81.0,Mid,0
EMP0086,23.0,12.0,2.0,89.0,91.0,19.0,51.0,Junior,0
EMP0087,38.0,29.0,5.0,78.0,21.0,2.0,34.0,Junior,0
EMP0088,27.0,5.0,3.0,65.0,41.0,19.0,19.0,Mid,0
EMP0089,44.0,10.0,4.0,6.0,9.0,9.0,32.0,Senior,1
EMP0090,37.0,10.0,5.0,89.0,91.0,13.0,51.0,Mid,1
EMP0091,47.0,3.0,4.0,20.0,84.0,0.0,65.0,Junior,0
EMP0092,22.0,17.0,4.0,51.0,132.0,14.0,20.0,Junior,0
EMP0093,57.0,21.0,4.0,59.0,131.0,17.0,86.0,Mid,0
EMP0094,51.0,1.0,4.0,27.0,148.0,10.0,51.0,Junior,1
EMP0095,23.0,29.0,1.0,60.0,120.0,3.0,82.0,Lead,0
EMP0096,41.0,4.0,1.0,35.0,66.0,4.0,98.0,Mid,0
EMP0097,26.0,27.0,1.0,89.0,93.0,5.0,14.0,Junior,1
EMP0098,52.0,40.0,3.0,28.0,123.0,16.0,47.0,Lead,1
EMP0099,29.0,2.0,2.0,21.0,125.0,9.0,31.0,Junior,0
EMP0100,51.0,2.0,3.0,78.0,89.0,16.0,88.0,Junior,0
EMP0101,23.0,20.0,1.0,21.0,139.0,17.0,34.0,Lead,0
EMP0102,34.0,27.0,4.0,39.0,141.0,5.0,79.0,Mid,0
EMP0103,25.0,20.0,1.0,84.0,110.0,9.0,47.0,Mid,0
EMP0104,29.0,9.0,3.0,30.0,136.0,8.0,10.0,Senior,1
EMP0105,46.0,26.0,1.0,6.0,49.0,3.0,75.0,Mid,0
EMP0106,41.0,11.0,4.0,66.0,93.0,16.0,18.0,Senior,0
EMP0107,35.0,26.0,1.0,95.0,118.0,19.0,51.0,Lead,0
EMP0108,50.0,4.0,2.0,67.0,86.0,10.0,11.0,Lead,0
EMP0109,42.0,11.0,4.0,53.0,46.0,4.0,25.0,Junior,0
EMP0111,54.0,21.0,5.0,72.0,132.0,6.0,55.0,Junior,0
EMP0112,46.0,22.0,5.0,69.0,11.0,8.0,39.0,Mid,0
EMP0114,30.0,14.0,3.0,44.0,101.0,9.0,5.0,Junior,0
EMP0115,36.0,25.0,1.0,29.0,25.0,2.0,51.0,Lead,0
EMP0116,28.0,21.0,1.0,20.0,53.0,4.0,58.0,Junior,0
EMP0117,23.0,27.0,4.0,52.0,132.0,8.0,2.0,Lead,0
EMP0118,52.0,12.0,2.0,47.0,2.0,14.0,16.0,Senior,0
EMP0119,28.0,2.0,2.0,7.0,83.0,13.0,9.0,Mid,0
EMP0120,32.0,4.0,4.0,95.0,110.0,9.0,11.0,Lead,0
EMP0121,34.0,11.0,5.0,13.0,51.0,17.0,46.0,Lead,0
EMP0123,47.0,3.0,1.0,34.0,43.0,2.0,81.0,Lead,0
EMP0124,29.0,13.0,3.0,83.0,124.0,19.0,17.0,Junior,1
EMP0125,35.0,14.0,2.0,51.0,103.0,10.0,33.0,Senior,0
EMP0126,23.0,4.0,1.0,68.0,179.0,6.0,31.0,Mid,0
EMP0127,36.0,7.0,5.0,59.0,154.0,16.0,85.0,Senior,0
EMP0128,41.0,1.0,3.0,79.0,103.0,4.0,46.0,Lead,0
EMP0129,55.0,1.0,5.0,47.0,62.0,19.0,24.0,Lead,0
EMP0130,25.0,7.0,1.0,5.0,117.0,12.0,32.0,Mid,1
EMP0131,39.0,24.0,5.0,75.0,39.0,4.0,13.0,Lead,0
EMP0132,46.0,24.0,4.0,21.0,59.0,11.0,57.0,Junior,0
EMP0133,45.0,29.0,1.0,13.0,144.0,19.0,33.0,Senior,1
EMP0134,27.0,26.0,5.0,11.0,24.0,16.0,51.0,Lead,0
EMP0135,55.0,10.0,4.0,65.0,93.0,8.0,3.0,Mid,0
EMP0136,59.0,15.0,4.0,81.0,131.0,18.0,23.0,Mid,1
EMP0137,24.0,26.0,5.0,25.0,0.0,3.0,89.0,Junior,0
EMP0138,40.0,16.0,5.0,29.0,156.0,12.0,57.0,Mid,1
EMP0139,57.0,25.0,4.0,14.0,103.0,12.0,87.0,Junior,1
EMP0141,49.0,18.0,1.0,58.0,169.0,15.0,50.0,Junior,0
EMP0143,39.0,24.0,3.0,97.0,180.0,16.0,95.0,Junior,1
EMP0144,25.0,23.0,2.0,24.0,151.0,15.0,51.0,Mid,0
EMP0145,33.0,23.0,5.0,73.0,74.0,9.0,55.0,Lead,0
EMP0146,48.0,9.0,4.0,48.0,16.0,10.0,42.0,Mid,0
EMP0147,50.0,1.0,3.0,11.0,157.0,5.0,17.0,Mid,0
EMP0148,33.0,25.0,3.0,85.0,135.0,2.0,79.0,Senior,0
EMP0150,25.0,22.0,2.0,51.0,46.0,17.0,33.0,Senior,0
EMP0151,45.0,21.0,3.0,72.0,194.0,10.0,75.0,Mid,0
EMP0152,47.0,24.0,1.0,33.0,120.0,18.0,44.0,Senior,0
EMP0153,49.0,13.0,4.0,1.0,38.0,14.0,50.0,Lead,1
EMP0154,25.0,24.0,5.0,62.0,116.0,9.0,94.0,Mid,0
EMP0155,57.0,12.0,3.0,49.0,141.0,5.0,82.0,Junior,0
EMP0156,36.0,20.0,2.0,98.0,129.0,15.0,44.0,Lead,1
EMP0157,43.0,16.0,2.0,51.0,164.0,8.0,73.0,Junior,0
EMP0158,45.0,10.0,2.0,93.0,159.0,5.0,39.0,Lead,0
EMP0159,45.0,1.0,3.0,2.0,95.0,12.0,48.0,Senior,1
EMP0160,58.0,28.0,2.0,53.0,32.0,3.0,35.0,Lead,0
EMP0161,41.0,20.0,1.0,69.0,76.0,14.0,21.0,Senior,0
EMP0162,27.0,15.0,1.0,10.0,125.0,9.0,25.0,Lead,1
EMP0163,31.0,1.0,4.0,17.0,191.0,16.0,54.0,Junior,1
EMP0164,24.0,28.0,4.0,73.0,30.0,12.0,72.0,Senior,0
EMP0165,59.0,19.0,1.0,92.0,198.0,6.0,24.0,Junior,0
EMP0166,55.0,7.0,3.0,19.0,146.0,19.0,88.0,Mid,1
EMP0167,27.0,3.0,4.0,6.0,83.0,8.0,8.0,Lead,1
EMP0168,31.0,20.0,4.0,87.0,59.0,9.0,18.0,Mid,0
EMP0169,37.0,26.0,3.0,51.0,161.0,2.0,98.0,Senior,0
EMP0170,50.0,27.0,4.0,51.0,62.0,12.0,89.0,Senior,0
EMP0171,24.0,26.0,5.0,24.0,103.0,9.0,73.0,Mid,0
EMP0172,32.0,24.0,5.0,10.0,173.0,3.0,79.0,Junior,1
EMP0173,58.0,9.0,1.0,15.0,103.0,6.0,9.0,Senior,1
EMP0174,25.0,22.0,5.0,63.0,179.0,5.0,59.0,Mid,1
EMP0175,25.0,28.0,5.0,38.0,65.0,4.0,69.0,Mid,0
EMP0176,45.0,11.0,3.0,54.0,113.0,6.0,72.0,Senior,0
EMP0177,49.0,5.0,4.0,0.0,148.0,10.0,56.0,Junior,0
EMP0178,56.0,10.0,1.0,73.0,58.0,4.0,0.0,Senior,0
EMP0179,59.0,23.0,2.0,42.0,44.0,5.0,66.0,Junior,0
EMP0180,45.0,4.0,2.0,9.0,187.0,10.0,35.0,Junior,0
EMP0181,43.0,24.0,3.0,10.0,113.0,1.0,51.0,Lead,0
EMP0182,47.0,24.0,3.0,7.0,106.0,18.0,95.0,Mid,0
EMP0183,39.0,19.0,5.0,26.0,111.0,11.0,23.0,Mid,0
EMP0184,24.0,14.0,5.0,18.0,199.0,1.0,78.0,Lead,0
EMP0185,32.0,12.0,2.0,31.0,137.0,4.0,42.0,Senior,0
EMP0186,30.0,4.0,5.0,51.0,144.0,5.0,34.0,Mid,0
EMP0187,54.0,5.0,1.0,74.0,106.0,6.0,62.0,Mid,0
EMP0188,41.0,22.0,5.0,51.0,61.0,15.0,58.0,Mid,1
EMP0189,57.0,20.0,2.0,99.0,171.0,9.0,60.0,Senior,1
EMP0190,25.0,0.0,5.0,97.0,19.0,10.0,95.0,Mid,1
EMP0191,23.0,15.0,1.0,18.0,24.0,17.0,17.0,Junior,0
EMP0192,29.0,16.0,1.0,68.0,23.0,18.0,6.0,Lead,1
EMP0193,28.0,25.0,5.0,79.0,65.0,17.0,78.0,Lead,0
EMP0194,41.0,0.0,4.0,66.0,63.0,2.0,68.0,Junior,0
EMP0195,55.0,15.0,3.0,87.0,4.0,10.0,28.0,Lead,0
EMP0196,40.0,1.0,1.0,94.0,54.0,1.0,51.0,Lead,0
EMP0197,50.0,20.0,1.0,39.0,1.0,6.0,77.0,Lead,0
EMP0198,27.0,7.0,2.0,66.0,64.0,14.0,17.0,Lead,0
EMP0199,31.0,0.0,4.0,52.0,52.0,10.0,41.0,Junior,0
EMP0200,26.0,1.0,2.0,22.0,103.0,6.0,90.0,Mid,1
EMP0201,45.0,15.0,2.0,2.0,12.0,7.0,66.0,Senior,0
EMP0202,43.0,13.0,2.0,90.0,150.0,10.0,85.0,Mid,0
EMP0203,47.0,2.0,3.0,92.0,22.0,5.0,17.0,Mid,0
EMP0204,58.0,25.0,2.0,92.0,68.0,10.0,40.0,Lead,0
EMP0205,50.0,25.0,5.0,71.0,169.0,11.0,6.0,Junior,0
EMP0206,57.0,23.0,1.0,9.0,103.0,15.0,74.0,Mid,0
EMP0207,41.0,28.0,3.0,20.0,181.0,11.0,62.0,Mid,0
EMP0208,41.0,11.0,3.0,77.0,130.0,12.0,79.0,Senior,0
EMP0209,36.0,18.0,4.0,24.0,3.0,9.0,53.0,Mid,0
EMP0210,36.0,8.0,4.0,64.0,89.0,7.0,24.0,Senior,1
EMP0211,45.0,3.0,3.0,69.0,147.0,7.0,3.0,Junior,1
EMP0212,50.0,4.0,5.0,6.0,135.0,18.0,40.0,Junior,1
EMP0213,38.0,20.0,1.0,79.0,161.0,10.0,33.0,Lead,0
EMP0214,46.0,4.0,5.0,49.0,72.0,15.0,75.0,Senior,1
EMP0215,37.0,11.0,3.0,89.0,4.0,5.0,83.0,Senior,0
EMP0216,38.0,15.0,3.0,36.0,30.0,9.0,84.0,Senior,1
EMP0217,42.0,10.0,1.0,51.0,174.0,2.0,89.0,Mid,1
EMP0218,48.0,27.0,1.0,56.0,119.0,6.0,99.0,Junior,0
EMP0219,26.0,29.0,3.0,21.0,117.0,7.0,8.0,Senior,0
EMP0220,43.0,26.0,4.0,7.0,43.0,1.0,14.0,Junior,0
EMP0221,54.0,21.0,5.0,39.0,35.0,1.0,62.0,Senior,0
EMP0222,23.0,21.0,3.0,93.0,196.0,17.0,51.0,Junior,0
EMP0223,56.0,2.0,5.0,27.0,74.0,19.0,21.0,Mid,1
EMP0224,40.0,20.0,4.0,13.0,150.0,8.0,44.0,Lead,1
EMP0225,48.0,10.0,2.0,48.0,111.0,9.0,73.0,Lead,0
EMP0226,57.0,15.0,1.0,63.0,182.0,3.0,23.0,Mid,0
EMP0227,23.0,28.0,3.0,22.0,85.0,9.0,70.0,Senior,0
EMP0228,39.0,16.0,3.0,69.0,32.0,10.0,51.0,Senior,0
EMP0229,44.0,9.0,2.0,66.0,186.0,8.0,86.0,Lead,0
EMP0230,47.0,14.0,3.0,64.0,157.0,12.0,49.0,Mid,0
EMP0231,32.0,16.0,3.0,92.0,112.0,18.0,50.0,Lead,0
EMP0232,22.0,11.0,2.0,16.0,164.0,1.0,82.0,Lead,0
EMP0233,57.0,28.0,4.0,50.0,73.0,1.0,51.0,Mid,0
EMP0234,41.0,3.0,1.0,45.0,36.0,13.0,51.0,Lead,0
EMP0235,52.0,6.0,4.0,37.0,161.0,4.0,15.0,Mid,0
EMP0236,29.0,23.0,2.0,62.0,189.0,10.0,56.0,Junior,0
EMP0237,45.0,12.0,5.0,33.0,24.0,6.0,24.0,Mid,0
EMP0238,41.0,23.0,1.0,69.0,149.0,14.0,69.0,Mid,0
EMP0239,36.0,13.0,5.0,10.0,181.0,11.0,70.0,Mid,0
EMP0240,51.0,23.0,3.0,55.0,198.0,10.0,46.0,Mid,1
EMP0241,41.0,25.0,1.0,18.0,52.0,11.0,0.0,Lead,1
EMP0242,59.0,10.0,5.0,66.0,93.0,1.0,48.0,Lead,0
EMP0243,23.0,2.0,5.0,48.0,127.0,18.0,93.0,Junior,0
EMP0244,27.0,10.0,3.0,50.0,178.0,0.0,30.0,Mid,0
EMP0245,39.0,15.0,3.0,12.0,73.0,11.0,5.0,Senior,0
EMP0246,57.0,13.0,1.0,66.0,130.0,2.0,93.0,Lead,0
EMP0247,35.0,17.0,4.0,48.0,103.0,7.0,59.0,Mid,0
EMP0248,47.0,5.0,3.0,51.0,163.0,0.0,21.0,Junior,0
EMP0249,55.0,19.0,1.0,8.0,73.0,9.0,19.0,Lead,1
EMP0250,51.0,0.0,5.0,79.0,21.0,2.0,61.0,Mid,0
EMP0251,28.0,16.0,2.0,58.0,131.0,9.0,0.0,Lead,0
EMP0252,51.0,16.0,2.0,41.0,168.0,8.0,71.0,Senior,0
EMP0253,39.0,7.0,3.0,93.0,4.0,19.0,76.0,Mid,0
EMP0254,43.0,17.0,4.0,11.0,22.0,4.0,84.0,Mid,0
EMP0255,38.0,11.0,3.0,22.0,42.0,9.0,51.0,Mid,0
EMP0256,52.0,14.0,1.0,35.0,193.0,12.0,14.0,Mid,0
EMP0257,38.0,3.0,2.0,35.0,127.0,10.0,73.0,Junior,0
EMP0258,52.0,3.0,5.0,82.0,77.0,7.0,82.0,Senior,0
EMP0259,34.0,15.0,4.0,71.0,65.0,7.0,37.0,Senior,0
EMP0260,48.0,6.0,4.0,50.0,103.0,12.0,80.0,Lead,0
EMP0261,41.0,16.0,2.0,85.0,39.0,18.0,48.0,Junior,0
EMP0262,38.0,24.0,5.0,98.0,28.0,15.0,11.0,Senior,0
EMP0264,56.0,16.0,1.0,76.0,103.0,10.0,38.0,Junior,0
EMP0265,29.0,15.0,1.0,63.0,27.0,5.0,66.0,Mid,0
EMP0266,59.0,15.0,3.0,55.0,155.0,4.0,35.0,Mid,0
EMP0267,36.0,0.0,3.0,30.0,130.0,10.0,38.0,Mid,1
EMP0268,22.0,27.0,1.0,70.0,27.0,4.0,28.0,Senior,0
EMP0269,41.0,15.0,2.0,76.0,40.0,15.0,74.0,Lead,1
EMP0271,59.0,15.0,2.0,57.0,153.0,16.0,29.0,Lead,0
EMP0272,36.0,27.0,3.0,77.0,25.0,6.0,95.0,Mid,0
EMP0273,39.0,12.0,3.0,88.0,20.0,12.0,25.0,Mid,1
EMP0274,59.0,27.0,4.0,79.0,184.0,17.0,31.0,Junior,1
EMP0275,52.0,7.0,5.0,75.0,103.0,9.0,27.0,Junior,1
EMP0276,41.0,1.0,3.0,46.0,52.0,10.0,78.0,Junior,1
EMP0277,41.0,9.0,2.0,50.0,44.0,3.0,40.0,Mid,0
EMP0278,41.0,21.0,4.0,97.0,88.0,6.0,54.0,Mid,1
EMP0279,48.0,6.0,5.0,14.0,143.0,19.0,89.0,Lead,0
EMP0280,29.0,16.0,3.0,35.0,105.0,12.0,52.0,Mid,0
EMP0281,35.0,15.0,5.0,67.0,71.0,7.0,51.0,Senior,1
EMP0282,36.0,11.0,1.0,12.0,185.0,14.0,13.0,Mid,0
EMP0283,28.0,19.0,1.0,62.0,89.0,6.0,32.0,Mid,0
EMP0284,54.0,29.0,1.0,87.0,4.0,18.0,31.0,Mid,0
EMP0285,55.0,29.0,3.0,55.0,181.0,16.0,97.0,Senior,0
EMP0286,25.0,27.0,5.0,0.0,166.0,18.0,37.0,Junior,1
EMP0287,22.0,6.0,3.0,21.0,52.0,15.0,51.0,Mid,0
EMP0288,35.0,25.0,3.0,0.0,130.0,11.0,75.0,Mid,0
EMP0289,52.0,25.0,2.0,33.0,176.0,7.0,7.0,Mid,0
EMP0290,59.0,11.0,2.0,77.0,86.0,2.0,9.0,Senior,0
EMP0292,24.0,21.0,5.0,96.0,40.0,17.0,90.0,Junior,0
EMP0293,41.0,22.0,2.0,93.0,157.0,0.0,21.0,Senior,0
EMP0294,54.0,24.0,5.0,21.0,73.0,10.0,55.0,Junior,0
EMP0295,36.0,7.0,2.0,44.0,196.0,4.0,16.0,Junior,0
EMP0296,24.0,1.0,5.0,8.0,8.0,5.0,97.0,Mid,1
EMP0297,49.0,28.0,3.0,53.0,164.0,19.0,62.0,Mid,1
EMP0298,48.0,19.0,3.0,0.0,105.0,14.0,21.0,Senior,0
EMP0299,54.0,14.0,4.0,28.0,60.0,6.0,38.0,Lead,0
EMP0300,40.0,1.0,2.0,62.0,163.0,4.0,85.0,Lead,0
EMP0301,54.0,11.0,1.0,8.0,24.0,16.0,78.0,Lead,1
EMP0302,41.0,25.0,4.0,86.0,172.0,13.0,58.0,Lead,0
EMP0303,25.0,17.0,1.0,84.0,26.0,1.0,42.0,Junior,1
EMP0305,49.0,15.0,3.0,5.0,103.0,10.0,89.0,Senior,1
EMP0306,37.0,6.0,1.0,79.0,107.0,6.0,83.0,Junior,0
EMP0307,49.0,9.0,3.0,39.0,27.0,11.0,19.0,Mid,0
EMP0308,41.0,26.0,4.0,61.0,165.0,18.0,51.0,Lead,1
EMP0309,43.0,1.0,4.0,14.0,108.0,18.0,18.0,Lead,1
EMP0310,52.0,15.0,3.0,74.0,133.0,5.0,51.0,Lead,0
EMP0311,42.0,13.0,5.0,12.0,172.0,16.0,91.0,Lead,0
EMP0312,41.0,26.0,2.0,39.0,114.0,7.0,97.0,Senior,0
EMP0313,28.0,15.0,5.0,30.0,174.0,13.0,2.0,Mid,0
EMP0314,54.0,22.0,4.0,69.0,47.0,0.0,83.0,Junior,0
EMP0315,29.0,12.0,2.0,58.0,153.0,6.0,77.0,Mid,0
EMP0316,35.0,3.0,5.0,33.0,173.0,19.0,47.0,Lead,1
EMP0317,46.0,27.0,1.0,29.0,135.0,16.0,81.0,Mid,0
EMP0319,49.0,18.0,3.0,48.0,96.0,7.0,95.0,Junior,0
EMP0320,23.0,15.0,1.0,62.0,133.0,13.0,78.0,Senior,0
EMP0321,38.0,20.0,3.0,75.0,103.0,2.0,79.0,Mid,0
EMP0322,48.0,6.0,1.0,74.0,180.0,19.0,88.0,Mid,0
EMP0323,23.0,28.0,4.0,58.0,13.0,1.0,63.0,Junior,0
EMP0324,29.0,13.0,2.0,5.0,140.0,19.0,94.0,Lead,0
EMP0325,59.0,12.0,1.0,58.0,56.0,16.0,52.0,Lead,0
EMP0326,41.0,15.0,4.0,9.0,68.0,17.0,2.0,Mid,0
EMP0327,41.0,17.0,4.0,65.0,41.0,1.0,60.0,Mid,0
EMP0328,42.0,19.0,2.0,38.0,197.0,18.0,42.0,Senior,0
EMP0329,47.0,12.0,2.0,32.0,27.0,5.0,6.0,Junior,1
EMP0330,52.0,15.0,1.0,53.0,150.0,4.0,46.0,Lead,1
EMP0331,41.0,3.0,3.0,71.0,22.0,6.0,9.0,Junior,1
EMP0332,27.0,5.0,4.0,44.0,178.0,7.0,28.0,Junior,0
EMP0334,22.0,27.0,3.0,78.0,166.0,1.0,30.0,Lead,0
EMP0335,47.0,17.0,2.0,30.0,187.0,19.0,26.0,Mid,0
EMP0336,50.0,23.0,3.0,53.0,141.0,13.0,57.0,Mid,1
EMP0337,23.0,16.0,3.0,75.0,47.0,13.0,94.0,Senior,1
EMP0339,50.0,12.0,3.0,4.0,63.0,13.0,17.0,Junior,0
EMP0340,41.0,21.0,2.0,47.0,103.0,9.0,14.0,Lead,1
EMP0341,42.0,1.0,1.0,90.0,43.0,10.0,63.0,Senior,1
EMP0342,53.0,7.0,4.0,66.0,44.0,2.0,31.0,Lead,0
EMP0344,47.0,1.0,1.0,57.0,143.0,11.0,50.0,Lead,0
EMP0346,24.0,4.0,5.0,4.0,114.0,13.0,47.0,Lead,0
EMP0347,53.0,15.0,2.0,59.0,97.0,12.0,51.0,Mid,1
EMP0348,54.0,15.0,4.0,70.0,133.0,11.0,76.0,Mid,0
EMP0349,54.0,13.0,3.0,51.0,68.0,4.0,92.0,Mid,0
EMP0350,34.0,26.0,3.0,48.0,24.0,4.0,56.0,Mid,1
EMP0351,27.0,9.0,5.0,30.0,188.0,14.0,97.0,Junior,0
EMP0352,25.0,27.0,3.0,38.0,43.0,4.0,64.0,Senior,0
EMP0353,59.0,9.0,2.0,81.0,100.0,5.0,78.0,Lead,0
EMP0354,27.0,13.0,3.0,63.0,183.0,13.0,45.0,Mid,0
EMP0355,24.0,22.0,3.0,24.0,135.0,15.0,57.0,Mid,0
EMP0356,48.0,13.0,2.0,56.0,165.0,6.0,69.0,Mid,1
EMP0357,41.0,23.0,1.0,83.0,56.0,8.0,97.0,Lead,1
EMP0358,39.0,2.0,3.0,98.0,191.0,7.0,5.0,Lead,0
EMP0359,41.0,19.0,2.0,10.0,167.0,3.0,77.0,Mid,1
EMP0360,51.0,14.0,3.0,46.0,34.0,18.0,1.0,Lead,0
EMP0361,31.0,27.0,3.0,51.0,75.0,7.0,69.0,Lead,1
EMP0362,44.0,19.0,4.0,18.0,164.0,11.0,24.0,Mid,0
EMP0363,24.0,17.0,3.0,50.0,151.0,19.0,13.0,Senior,1
EMP0364,30.0,25.0,3.0,45.0,20.0,11.0,43.0,Lead,0
EMP0365,40.0,27.0,4.0,82.0,107.0,3.0,42.0,Mid,1
EMP0366,57.0,5.0,3.0,0.0,70.0,10.0,48.0,Lead,1
EMP0367,48.0,26.0,2.0,20.0,103.0,8.0,84.0,Mid,0
EMP0368,49.0,0.0,3.0,49.0,199.0,4.0,17.0,Junior,1
EMP0369,29.0,11.0,3.0,86.0,117.0,18.0,38.0,Mid,0
EMP0370,29.0,15.0,2.0,99.0,1.0,4.0,33.0,Junior,0
EMP0371,39.0,26.0,1.0,81.0,83.0,3.0,76.0,Junior,1
EMP0372,10.0,6.0,3.0,71.0,85.0,18.0,77.0,Mid,0
EMP0373,34.0,26.0,3.0,64.0,94.0,0.0,57.0,Senior,0
EMP0374,48.0,3.0,5.0,10.0,87.0,8.0,85.0,Junior,0
EMP0375,37.0,29.0,2.0,81.0,194.0,0.0,68.0,Lead,0
EMP0376,30.0,23.0,1.0,51.0,10.0,1.0,90.0,Junior,0
EMP0377,48.0,19.0,3.0,97.0,106.0,14.0,23.0,Junior,0
EMP0378,38.0,22.0,3.0,38.0,111.0,15.0,53.0,Lead,0
EMP0380,25.0,2.0,1.0,96.0,164.0,14.0,76.0,Junior,0
EMP0381,22.0,15.0,1.0,10.0,178.0,13.0,54.0,Mid,0
EMP0382,35.0,14.0,5.0,76.0,16.0,3.0,36.0,Senior,0
EMP0383,29.0,0.0,2.0,64.0,172.0,16.0,56.0,Lead,0
EMP0384,28.0,4.0,3.0,81.0,106.0,14.0,51.0,Lead,0
EMP0386,46.0,2.0,2.0,92.0,48.0,7.0,51.0,Lead,0
EMP0387,37.0,15.0,5.0,58.0,156.0,17.0,37.0,Junior,0
EMP0388,32.0,28.0,1.0,5.0,91.0,2.0,44.0,Mid,0
EMP0389,41.0,15.0,3.0,88.0,11.0,15.0,79.0,Junior,0
EMP0390,54.0,27.0,3.0,86.0,9.0,16.0,0.0,Mid,0
EMP0391,42.0,24.0,3.0,98.0,103.0,2.0,35.0,Senior,1
EMP0392,31.0,26.0,1.0,56.0,70.0,1.0,27.0,Senior,0
EMP0393,30.0,28.0,1.0,93.0,18.0,16.0,8.0,Lead,1
EMP0395,55.0,11.0,4.0,41.0,165.0,4.0,35.0,Mid,1
EMP0396,52.0,15.0,1.0,50.0,64.0,6.0,51.0,Junior,0
EMP0397,41.0,12.0,2.0,72.0,149.0,3.0,95.0,Lead,0
EMP0399,40.0,21.0,5.0,62.0,164.0,1.0,85.0,Junior,0
EMP0400,42.0,18.0,2.0,51.0,100.0,9.0,79.0,Junior,0
EMP0401,46.0,11.0,1.0,12.0,177.0,11.0,8.0,Lead,0
EMP0402,41.0,11.0,4.0,25.0,52.0,0.0,96.0,Senior,0
EMP0403,47.0,15.0,4.0,58.0,115.0,14.0,12.0,Junior,0
EMP0404,28.0,17.0,3.0,50.0,89.0,10.0,32.0,Junior,0
EMP0405,24.0,22.0,3.0,34.0,108.0,10.0,63.0,Junior,1
EMP0406,29.0,27.0,1.0,58.0,163.0,12.0,24.0,Mid,0
EMP0407,51.0,9.0,1.0,84.0,102.0,19.0,69.0,Mid,0
EMP0408,32.0,2.0,3.0,72.0,79.0,13.0,65.0,Lead,0
EMP0409,29.0,8.0,3.0,98.0,7.0,5.0,36.0,Mid,0
EMP0410,58.0,20.0,3.0,62.0,118.0,9.0,70.0,Senior,0
EMP0411,38.0,16.0,5.0,34.0,138.0,19.0,56.0,Mid,0
EMP0412,29.0,1.0,2.0,19.0,97.0,17.0,21.0,Mid,0
EMP0413,51.0,4.0,4.0,6.0,21.0,0.0,68.0,Mid,0
EMP0414,37.0,28.0,5.0,46.0,59.0,9.0,60.0,Lead,0
EMP0415,25.0,10.0,4.0,67.0,103.0,0.0,92.0,Junior,1
EMP0416,42.0,20.0,1.0,40.0,14.0,13.0,64.0,Senior,1
EMP0417,55.0,4.0,1.0,50.0,145.0,19.0,4.0,Lead,0
EMP0418,41.0,1.0,1.0,86.0,51.0,10.0,82.0,Mid,1
EMP0419,34.0,17.0,5.0,73.0,103.0,4.0,66.0,Mid,1
EMP0420,48.0,25.0,1.0,40.0,194.0,6.0,71.0,Mid,1
EMP0422,50.0,26.0,3.0,63.0,123.0,16.0,22.0,Mid,1
EMP0423,37.0,9.0,3.0,74.0,14.0,8.0,23.0,Lead,1
EMP0424,26.0,6.0,1.0,59.0,175.0,16.0,51.0,Lead,0
EMP0425,58.0,12.0,4.0,31.0,121.0,1.0,61.0,Junior,0
EMP0426,41.0,1.0,1.0,31.0,145.0,14.0,64.0,Junior,0
EMP0427,36.0,22.0,3.0,95.0,117.0,2.0,51.0,Junior,0
EMP0428,42.0,7.0,5.0,98.0,27.0,8.0,45.0,Mid,0
EMP0429,55.0,2.0,2.0,57.0,117.0,1.0,32.0,Senior,0
EMP0430,43.0,20.0,3.0,54.0,35.0,9.0,93.0,Senior,0
EMP0431,43.0,9.0,2.0,75.0,187.0,17.0,79.0,Mid,0
EMP0432,30.0,2.0,1.0,51.0,19.0,10.0,4.0,Junior,0
EMP0433,47.0,14.0,4.0,79.0,169.0,16.0,24.0,Senior,1
EMP0434,34.0,9.0,5.0,18.0,18.0,15.0,48.0,Mid,1
EMP0435,39.0,15.0,3.0,38.0,8.0,11.0,43.0,Junior,0
EMP0436,22.0,8.0,3.0,39.0,134.0,8.0,25.0,Mid,0
EMP0437,44.0,20.0,5.0,35.0,27.0,8.0,37.0,Mid,1
EMP0438,54.0,15.0,4.0,8.0,49.0,14.0,47.0,Mid,0
EMP0439,52.0,23.0,3.0,39.0,75.0,5.0,51.0,Senior,1
EMP0440,42.0,19.0,4.0,22.0,145.0,14.0,63.0,Mid,0
EMP0441,44.0,29.0,3.0,36.0,180.0,17.0,44.0,Mid,0
EMP0442,37.0,15.0,3.0,51.0,105.0,8.0,51.0,Lead,0
EMP0443,48.0,0.0,1.0,23.0,110.0,10.0,47.0,Senior,1
EMP0444,41.0,3.0,3.0,28.0,158.0,8.0,11.0,Lead,0
EMP0445,59.0,27.0,2.0,55.0,166.0,2.0,94.0,Mid,1
EMP0446,35.0,6.0,3.0,83.0,120.0,10.0,16.0,Senior,0
EMP0447,58.0,23.0,4.0,51.0,116.0,1.0,81.0,Mid,0
EMP0448,28.0,17.0,5.0,72.0,88.0,4.0,95.0,Senior,0
EMP0449,33.0,3.0,5.0,80.0,135.0,18.0,90.0,Junior,0
EMP0450,49.0,20.0,4.0,61.0,12.0,9.0,69.0,Junior,0
EMP0451,24.0,29.0,1.0,93.0,48.0,15.0,91.0,Lead,1
EMP0453,42.0,29.0,3.0,5.0,103.0,16.0,51.0,Lead,0
EMP0454,50.0,26.0,3.0,9.0,197.0,8.0,58.0,Mid,1
EMP0455,41.0,16.0,4.0,12.0,103.0,11.0,27.0,Mid,0
EMP0457,48.0,18.0,4.0,60.0,20.0,0.0,8.0,Junior,1
EMP0458,42.0,13.0,4.0,36.0,69.0,14.0,71.0,Lead,0
EMP0459,54.0,22.0,4.0,76.0,168.0,6.0,97.0,Junior,0
EMP0460,51.0,19.0,5.0,74.0,170.0,5.0,75.0,Junior,1
EMP0461,30.0,7.0,3.0,11.0,25.0,17.0,94.0,Junior,0
EMP0462,59.0,9.0,5.0,54.0,4.0,10.0,99.0,Junior,0
EMP0463,44.0,25.0,4.0,43.0,38.0,10.0,53.0,Junior,0
EMP0464,44.0,6.0,4.0,76.0,32.0,17.0,6.0,Mid,0
EMP0465,22.0,0.0,3.0,81.0,39.0,7.0,7.0,Junior,0
EMP0466,42.0,8.0,3.0,58.0,147.0,10.0,86.0,Mid,0
EMP0467,53.0,1.0,5.0,70.0,162.0,5.0,84.0,Senior,1
EMP0468,47.0,25.0,3.0,12.0,103.0,9.0,53.0,Senior,0
EMP0469,54.0,15.0,2.0,99.0,28.0,9.0,26.0,Senior,0
EMP0470,30.0,3.0,2.0,7.0,45.0,2.0,12.0,Senior,1
EMP0471,38.0,15.0,2.0,61.0,60.0,13.0,51.0,Mid,1
EMP0472,27.0,6.0,2.0,9.0,67.0,7.0,40.0,Lead,1
EMP0473,28.0,4.0,4.0,7.0,179.0,13.0,2.0,Lead,1
EMP0474,28.0,21.0,5.0,37.0,174.0,2.0,19.0,Junior,0
EMP0475,58.0,1.0,1.0,48.0,46.0,1.0,10.0,Lead,0
EMP0476,26.0,15.0,1.0,8.0,102.0,10.0,56.0,Lead,0
EMP0477,54.0,13.0,2.0,88.0,133.0,3.0,97.0,Junior,0
EMP0478,31.0,27.0,5.0,32.0,53.0,8.0,43.0,Lead,1
EMP0479,38.0,8.0,3.0,56.0,175.0,19.0,65.0,Junior,0
EMP0480,49.0,5.0,3.0,62.0,193.0,2.0,96.0,Mid,1
EMP0481,43.0,12.0,2.0,48.0,76.0,15.0,6.0,Junior,0
EMP0482,42.0,15.0,2.0,11.0,54.0,10.0,94.0,Mid,1
EMP0483,53.0,22.0,3.0,51.0,103.0,2.0,91.0,Senior,1
EMP0484,53.0,18.0,1.0,85.0,36.0,5.0,58.0,Lead,0
EMP0485,57.0,4.0,1.0,54.0,132.0,2.0,26.0,Mid,0
EMP0486,52.0,22.0,4.0,51.0,105.0,10.0,80.0,Mid,0
EMP0487,27.0,8.0,1.0,71.0,5.0,18.0,90.0,Senior,1
EMP0488,42.0,1.0,3.0,0.0,111.0,10.0,77.0,Lead,1
EMP0489,56.0,23.0,2.0,72.0,48.0,19.0,12.0,Mid,0
EMP0490,35.0,26.0,3.0,3.0,26.0,16.0,33.0,Senior,0
EMP0491,44.0,4.0,3.0,19.0,50.0,5.0,89.0,Mid,1
EMP0492,41.0,11.0,4.0,73.0,103.0,12.0,62.0,Mid,0
EMP0493,51.0,9.0,1.0,75.0,39.0,0.0,25.0,Mid,0
EMP0494,31.0,9.0,1.0,27.0,18.0,17.0,24.0,Mid,1
EMP0496,51.0,18.0,4.0,85.0,66.0,19.0,19.0,Mid,0
EMP0497,28.0,10.0,3.0,33.0,130.0,5.0,14.0,Lead,0
EMP0498,27.0,11.0,5.0,91.0,141.0,2.0,51.0,Senior,0
EMP0499,29.0,16.0,5.0,42.0,62.0,5.0,91.0,Lead,0
EMP0500,47.0,0.0,1.0,11.0,5.0,5.0,98.0,Junior,1
EMP0501,39.0,3.0,3.0,62.0,98.0,16.0,51.0,Senior,0
EMP0502,57.0,26.0,1.0,76.0,57.0,19.0,83.0,Senior,0
EMP0503,47.0,27.0,5.0,95.0,73.0,15.0,83.0,Junior,0
EMP0505,25.0,29.0,3.0,29.0,18.0,19.0,59.0,Senior,1
EMP0506,34.0,13.0,4.0,21.0,186.0,10.0,93.0,Junior,0
EMP0507,45.0,29.0,1.0,98.0,168.0,9.0,94.0,Mid,0
EMP0508,52.0,25.0,3.0,36.0,56.0,19.0,40.0,Senior,0
EMP0509,43.0,28.0,5.0,34.0,120.0,17.0,3.0,Junior,0
EMP0510,39.0,13.0,1.0,43.0,174.0,10.0,62.0,Lead,0
EMP0511,55.0,20.0,2.0,51.0,0.0,10.0,48.0,Mid,1
EMP0512,44.0,2.0,1.0,60.0,93.0,4.0,18.0,Mid,0
EMP0513,58.0,17.0,4.0,51.0,67.0,7.0,12.0,Senior,0
EMP0514,22.0,24.0,3.0,76.0,182.0,3.0,79.0,Junior,0
EMP0515,41.0,2.0,3.0,80.0,44.0,1.0,19.0,Junior,0
EMP0516,46.0,10.0,4.0,66.0,105.0,4.0,71.0,Mid,1
EMP0517,27.0,6.0,1.0,19.0,96.0,18.0,10.0,Mid,1
EMP0518,41.0,13.0,1.0,64.0,131.0,13.0,20.0,Senior,1
EMP0519,41.0,15.0,5.0,89.0,62.0,15.0,27.0,Senior,0
EMP0520,30.0,4.0,1.0,51.0,38.0,6.0,79.0,Lead,0
EMP0521,39.0,25.0,2.0,51.0,90.0,14.0,38.0,Senior,0
EMP0522,24.0,20.0,4.0,65.0,93.0,17.0,66.0,Junior,1
EMP0523,57.0,12.0,5.0,86.0,24.0,15.0,94.0,Lead,1
EMP0524,27.0,15.0,3.0,81.0,190.0,5.0,29.0,Mid,0
EMP0527,40.0,9.0,4.0,21.0,137.0,10.0,75.0,Junior,0
EMP0528,59.0,7.0,3.0,60.0,158.0,5.0,51.0,Lead,1
EMP0530,30.0,16.0,5.0,22.0,119.0,10.0,58.0,Junior,0
EMP0531,31.0,23.0,1.0,43.0,130.0,19.0,33.0,Lead,1
EMP0532,45.0,2.0,1.0,94.0,103.0,17.0,19.0,Mid,1
EMP0533,47.0,26.0,4.0,78.0,83.0,17.0,35.0,Senior,1
EMP0534,29.0,22.0,5.0,27.0,103.0,7.0,51.0,Senior,0
EMP0535,26.0,18.0,1.0,24.0,167.0,9.0,5.0,Mid,0
EMP0537,43.0,2.0,4.0,51.0,199.0,6.0,43.0,Mid,1
EMP0539,46.0,17.0,2.0,11.0,103.0,12.0,45.0,Senior,0
EMP0540,44.0,14.0,1.0,25.0,3.0,15.0,30.0,Senior,1
EMP0541,42.0,14.0,3.0,54.0,81.0,15.0,1.0,Lead,0
EMP0542,24.0,25.0,5.0,39.0,94.0,13.0,69.0,Senior,0
EMP0543,29.0,8.0,4.0,25.0,40.0,7.0,38.0,Junior,0
EMP0544,43.0,12.0,3.0,99.0,103.0,10.0,26.0,Mid,1
EMP0545,41.0,25.0,3.0,71.0,21.0,11.0,30.0,Lead,1
EMP0546,44.0,16.0,3.0,87.0,188.0,10.0,37.0,Lead,0
EMP0547,41.0,12.0,3.0,16.0,165.0,3.0,48.0,Junior,1
EMP0548,49.0,17.0,2.0,56.0,99.0,7.0,25.0,Mid,1
EMP0549,56.0,11.0,3.0,41.0,199.0,7.0,6.0,Mid,0
EMP0550,50.0,21.0,1.0,39.0,118.0,11.0,73.0,Junior,0
EMP0551,59.0,4.0,4.0,99.0,117.0,14.0,11.0,Senior,0
EMP0552,27.0,12.0,5.0,49.0,110.0,11.0,72.0,Lead,0
EMP0553,35.0,10.0,2.0,34.0,116.0,8.0,82.0,Senior,1
EMP0554,50.0,15.0,5.0,22.0,0.0,9.0,17.0,Mid,1
EMP0555,49.0,12.0,4.0,24.0,67.0,3.0,79.0,Lead,0
EMP0556,31.0,22.0,2.0,11.0,32.0,13.0,68.0,Junior,0
EMP0557,25.0,3.0,3.0,66.0,73.0,5.0,74.0,Senior,0
EMP0558,45.0,24.0,2.0,38.0,187.0,3.0,45.0,Lead,0
EMP0559,23.0,15.0,5.0,9.0,93.0,11.0,41.0,Junior,0
EMP0560,50.0,18.0,4.0,96.0,63.0,18.0,51.0,Lead,0
EMP0561,46.0,0.0,3.0,29.0,197.0,11.0,44.0,Junior,1
EMP0562,52.0,13.0,1.0,27.0,103.0,5.0,44.0,Mid,1
EMP0563,36.0,1.0,3.0,98.0,24.0,1.0,96.0,Lead,0
EMP0564,59.0,4.0,3.0,17.0,110.0,16.0,67.0,Senior,0
EMP0565,54.0,16.0,1.0,8.0,103.0,13.0,57.0,Lead,0
EMP0566,29.0,6.0,3.0,12.0,84.0,10.0,16.0,Lead,0
EMP0567,37.0,26.0,3.0,18.0,84.0,14.0,84.0,Lead,0
EMP0568,59.0,8.0,5.0,77.0,19.0,13.0,26.0,Lead,0
EMP0569,55.0,15.0,1.0,28.0,196.0,16.0,66.0,Mid,1
EMP0570,27.0,24.0,2.0,95.0,184.0,2.0,35.0,Mid,0
EMP0571,44.0,23.0,3.0,46.0,120.0,2.0,39.0,Lead,0
EMP0573,56.0,0.0,5.0,87.0,11.0,10.0,92.0,Lead,0
EMP0574,50.0,1.0,3.0,98.0,177.0,9.0,88.0,Junior,0
EMP0575,56.0,5.0,3.0,88.0,49.0,18.0,60.0,Senior,0
EMP0576,23.0,21.0,5.0,43.0,164.0,7.0,80.0,Mid,1
EMP0577,54.0,2.0,3.0,80.0,173.0,15.0,31.0,Junior,1
EMP0578,47.0,1.0,3.0,67.0,175.0,16.0,92.0,Senior,0
EMP0579,53.0,10.0,3.0,60.0,26.0,2.0,22.0,Senior,0
EMP0580,39.0,15.0,1.0,75.0,118.0,10.0,76.0,Senior,0
EMP0581,55.0,6.0,4.0,41.0,113.0,1.0,51.0,Senior,0
EMP0582,51.0,27.0,4.0,96.0,182.0,12.0,22.0,Junior,0
EMP0583,44.0,9.0,5.0,83.0,150.0,8.0,32.0,Junior,0
EMP0584,41.0,29.0,1.0,95.0,34.0,1.0,51.0,Junior,1
EMP0586,29.0,14.0,2.0,89.0,176.0,9.0,18.0,Lead,1
EMP0587,35.0,1.0,2.0,21.0,60.0,12.0,27.0,Junior,0
EMP0588,44.0,22.0,4.0,35.0,167.0,1.0,16.0,Mid,0
EMP0589,35.0,3.0,1.0,51.0,151.0,15.0,79.0,Junior,1
EMP0590,23.0,29.0,3.0,51.0,28.0,9.0,51.0,Mid,1
EMP0591,25.0,27.0,5.0,51.0,143.0,19.0,67.0,Lead,0
EMP0592,45.0,26.0,2.0,20.0,153.0,16.0,38.0,Mid,0
EMP0593,57.0,26.0,3.0,51.0,53.0,13.0,49.0,Mid,0
EMP0594,30.0,6.0,5.0,41.0,129.0,11.0,6.0,Lead,1
EMP0595,37.0,0.0,1.0,59.0,199.0,10.0,77.0,Junior,1
EMP0596,53.0,7.0,2.0,24.0,3.0,19.0,76.0,Lead,0
EMP0597,53.0,22.0,2.0,65.0,2.0,6.0,93.0,Junior,0
EMP0598,48.0,6.0,4.0,33.0,115.0,10.0,87.0,Mid,0
EMP0599,41.0,16.0,2.0,59.0,158.0,19.0,15.0,Junior,1
EMP0600,25.0,28.0,1.0,27.0,48.0,18.0,97.0,Junior,1
EMP0601,57.0,27.0,4.0,87.0,194.0,10.0,26.0,Junior,0
EMP0602,46.0,19.0,5.0,46.0,53.0,4.0,94.0,Mid,0
EMP0603,36.0,28.0,3.0,96.0,197.0,11.0,7.0,Mid,0
EMP0604,33.0,5.0,4.0,66.0,22.0,15.0,72.0,Junior,0
EMP0605,28.0,2.0,1.0,51.0,114.0,16.0,80.0,Senior,0
EMP0606,57.0,24.0,1.0,6.0,54.0,18.0,51.0,Senior,0
EMP0607,45.0,16.0,3.0,52.0,69.0,7.0,59.0,Junior,0
EMP0608,27.0,10.0,4.0,1.0,44.0,11.0,82.0,Lead,1
EMP0609,52.0,19.0,5.0,48.0,75.0,5.0,27.0,Lead,0
EMP0610,42.0,8.0,1.0,51.0,94.0,14.0,71.0,Junior,1
EMP0611,32.0,27.0,1.0,95.0,35.0,7.0,83.0,Mid,0
EMP0612,37.0,28.0,3.0,22.0,12.0,17.0,55.0,Lead,0
EMP0613,35.0,22.0,3.0,87.0,140.0,1.0,85.0,Lead,0
EMP0614,46.0,23.0,5.0,87.0,25.0,11.0,79.0,Junior,0
EMP0615,35.0,8.0,2.0,17.0,65.0,15.0,52.0,Mid,0
EMP0616,59.0,29.0,3.0,5.0,114.0,0.0,43.0,Junior,0
EMP0617,39.0,20.0,1.0,33.0,172.0,12.0,93.0,Junior,0
EMP0618,35.0,19.0,2.0,35.0,114.0,16.0,55.0,Mid,0
EMP0619,45.0,22.0,4.0,8.0,21.0,10.0,9.0,Senior,0
EMP0620,29.0,27.0,3.0,91.0,8.0,3.0,82.0,Mid,0
EMP0621,46.0,13.0,5.0,72.0,91.0,8.0,89.0,Lead,1
EMP0622,55.0,5.0,1.0,75.0,104.0,10.0,50.0,Mid,0
EMP0623,49.0,28.0,1.0,51.0,61.0,15.0,10.0,Mid,0
EMP0625,39.0,14.0,1.0,37.0,81.0,10.0,48.0,Senior,0
EMP0626,55.0,17.0,2.0,60.0,123.0,18.0,77.0,Senior,0
EMP0627,24.0,24.0,4.0,51.0,17.0,16.0,81.0,Lead,1
EMP0628,33.0,19.0,1.0,98.0,188.0,14.0,67.0,Lead,1
EMP0629,57.0,22.0,3.0,18.0,91.0,18.0,61.0,Mid,0
EMP0630,26.0,26.0,2.0,30.0,92.0,10.0,81.0,Lead,1
EMP0631,40.0,2.0,3.0,40.0,60.0,18.0,16.0,Senior,1
EMP0632,33.0,20.0,4.0,18.0,177.0,17.0,32.0,Lead,0
EMP0633,48.0,26.0,4.0,3.0,195.0,11.0,99.0,Junior,0
EMP0634,38.0,7.0,1.0,46.0,36.0,0.0,70.0,Junior,0
EMP0635,49.0,19.0,1.0,54.0,43.0,9.0,29.0,Junior,0
EMP0636,43.0,11.0,1.0,72.0,90.0,0.0,82.0,Lead,0
EMP0637,31.0,21.0,2.0,59.0,103.0,16.0,88.0,Lead,0
EMP0638,27.0,4.0,3.0,82.0,2.0,13.0,44.0,Lead,0
EMP0639,38.0,0.0,5.0,51.0,154.0,1.0,96.0,Mid,0
EMP0640,33.0,8.0,2.0,81.0,150.0,11.0,7.0,Lead,0
EMP0641,27.0,16.0,5.0,25.0,116.0,15.0,59.0,Lead,0
EMP0642,43.0,27.0,5.0,61.0,65.0,4.0,86.0,Mid,1
EMP0643,37.0,2.0,5.0,38.0,170.0,14.0,52.0,Mid,0
EMP0644,25.0,28.0,1.0,32.0,194.0,15.0,79.0,Junior,0
EMP0645,46.0,17.0,5.0,77.0,103.0,4.0,70.0,Senior,0
EMP0646,54.0,5.0,3.0,51.0,56.0,7.0,51.0,Mid,0
EMP0647,22.0,11.0,1.0,33.0,93.0,10.0,86.0,Senior,1
EMP0648,36.0,21.0,3.0,22.0,76.0,11.0,13.0,Senior,1
EMP0649,38.0,5.0,4.0,31.0,135.0,0.0,38.0,Junior,0
EMP0650,40.0,3.0,3.0,70.0,178.0,10.0,79.0,Lead,0
EMP0651,40.0,21.0,5.0,38.0,103.0,11.0,78.0,Junior,1
EMP0653,22.0,18.0,5.0,69.0,62.0,12.0,98.0,Mid,1
EMP0654,44.0,25.0,2.0,4.0,156.0,0.0,44.0,Senior,0
EMP0655,37.0,2.0,5.0,2.0,96.0,14.0,45.0,Mid,0
EMP0656,45.0,13.0,4.0,7.0,107.0,1.0,2.0,Senior,0
EMP0657,41.0,21.0,5.0,38.0,58.0,17.0,57.0,Senior,1
EMP0658,36.0,1.0,4.0,51.0,21.0,7.0,21.0,Mid,0
EMP0659,45.0,10.0,2.0,81.0,68.0,18.0,60.0,Lead,0
EMP0660,58.0,8.0,5.0,50.0,162.0,18.0,87.0,Junior,0
EMP0662,53.0,8.0,4.0,29.0,176.0,6.0,46.0,Lead,0
EMP0663,52.0,17.0,4.0,95.0,148.0,14.0,92.0,Junior,0
EMP0664,36.0,19.0,4.0,51.0,10.0,10.0,37.0,Lead,1
EMP0665,22.0,16.0,5.0,0.0,65.0,2.0,30.0,Senior,1
EMP0667,56.0,29.0,3.0,85.0,191.0,13.0,54.0,Mid,1
EMP0668,58.0,20.0,4.0,52.0,10.0,18.0,79.0,Junior,0
EMP0669,51.0,10.0,1.0,51.0,136.0,16.0,1.0,Mid,0
EMP0670,47.0,8.0,5.0,47.0,103.0,10.0,75.0,Lead,0
EMP0671,32.0,27.0,2.0,33.0,3.0,11.0,88.0,Senior,1
EMP0672,53.0,18.0,4.0,90.0,78.0,14.0,91.0,Lead,0
EMP0673,23.0,20.0,1.0,20.0,90.0,10.0,93.0,Mid,0
EMP0674,31.0,2.0,3.0,83.0,119.0,19.0,38.0,Junior,0
EMP0675,43.0,1.0,2.0,57.0,120.0,12.0,11.0,Junior,1
EMP0676,30.0,26.0,1.0,59.0,93.0,15.0,34.0,Mid,0
EMP0677,51.0,23.0,1.0,67.0,71.0,11.0,4.0,Mid,1
EMP0678,41.0,2.0,3.0,58.0,118.0,4.0,5.0,Mid,0
EMP0679,42.0,19.0,5.0,81.0,82.0,17.0,36.0,Senior,1
EMP0680,39.0,16.0,2.0,33.0,103.0,2.0,38.0,Junior,1
EMP0681,41.0,20.0,4.0,72.0,49.0,15.0,76.0,Junior,0
EMP0682,37.0,21.0,3.0,40.0,171.0,0.0,10.0,Lead,0
EMP0683,56.0,23.0,4.0,36.0,30.0,19.0,46.0,Mid,0
EMP0685,51.0,15.0,1.0,73.0,32.0,9.0,98.0,Senior,0
EMP0686,24.0,28.0,2.0,38.0,137.0,4.0,95.0,Senior,1
EMP0687,53.0,15.0,3.0,52.0,76.0,14.0,8.0,Mid,0
EMP0689,47.0,22.0,3.0,36.0,191.0,18.0,30.0,Mid,0
EMP0690,26.0,13.0,5.0,70.0,141.0,4.0,90.0,Lead,0
EMP0691,49.0,24.0,2.0,69.0,16.0,7.0,46.0,Mid,1
EMP0692,29.0,23.0,5.0,18.0,103.0,8.0,75.0,Mid,0
EMP0694,57.0,6.0,5.0,73.0,32.0,1.0,45.0,Mid,0
EMP0695,34.0,23.0,1.0,85.0,11.0,10.0,19.0,Junior,0
EMP0696,41.0,15.0,4.0,63.0,118.0,10.0,20.0,Senior,1
EMP0697,39.0,18.0,4.0,62.0,63.0,4.0,19.0,Mid,1
EMP0698,41.0,1.0,4.0,90.0,161.0,13.0,16.0,Junior,0
EMP0699,54.0,6.0,2.0,86.0,57.0,6.0,45.0,Mid,1
EMP0700,42.0,15.0,4.0,17.0,94.0,17.0,15.0,Lead,0
EMP0701,45.0,0.0,5.0,49.0,95.0,6.0,90.0,Junior,1
EMP0702,49.0,21.0,4.0,45.0,125.0,19.0,44.0,Junior,1
EMP0703,26.0,13.0,2.0,65.0,65.0,2.0,76.0,Junior,1
EMP0705,45.0,13.0,2.0,73.0,6.0,16.0,92.0,Mid,1
EMP0706,35.0,22.0,2.0,25.0,103.0,8.0,56.0,Junior,1
EMP0707,57.0,15.0,5.0,52.0,170.0,16.0,85.0,Senior,1
EMP0708,57.0,21.0,3.0,95.0,1.0,13.0,36.0,Lead,1
EMP0709,47.0,26.0,1.0,94.0,188.0,15.0,67.0,Junior,0
EMP0711,42.0,5.0,4.0,96.0,145.0,18.0,63.0,Senior,0
EMP0712,41.0,26.0,5.0,35.0,24.0,18.0,42.0,Lead,0
EMP0713,55.0,12.0,1.0,10.0,38.0,6.0,24.0,Junior,0
EMP0714,35.0,22.0,3.0,96.0,157.0,18.0,78.0,Lead,1
EMP0715,42.0,10.0,2.0,91.0,45.0,14.0,73.0,Senior,0
EMP0716,40.0,15.0,4.0,13.0,103.0,16.0,47.0,Senior,0
EMP0717,33.0,26.0,3.0,19.0,103.0,12.0,87.0,Lead,1
EMP0718,57.0,28.0,5.0,39.0,187.0,15.0,51.0,Senior,0
EMP0719,51.0,10.0,2.0,11.0,103.0,13.0,51.0,Mid,0
EMP0720,54.0,1.0,5.0,32.0,134.0,4.0,36.0,Junior,0
EMP0721,44.0,27.0,2.0,6.0,127.0,13.0,34.0,Lead,0
EMP0722,41.0,11.0,2.0,85.0,138.0,3.0,44.0,Senior,0
EMP0724,49.0,23.0,5.0,16.0,18.0,16.0,63.0,Mid,0
EMP0725,40.0,26.0,3.0,94.0,33.0,5.0,51.0,Lead,0
EMP0726,58.0,23.0,3.0,61.0,107.0,4.0,10.0,Junior,0
EMP0727,52.0,0.0,4.0,66.0,175.0,7.0,84.0,Lead,1
EMP0728,38.0,17.0,1.0,56.0,33.0,4.0,69.0,Mid,0
EMP0729,49.0,7.0,2.0,86.0,79.0,11.0,15.0,Senior,1
EMP0730,25.0,20.0,2.0,66.0,155.0,0.0,33.0,Junior,0
EMP0731,27.0,21.0,3.0,59.0,157.0,15.0,28.0,Junior,1
EMP0732,40.0,18.0,3.0,59.0,168.0,9.0,63.0,Junior,0
EMP0733,44.0,1.0,1.0,8.0,38.0,14.0,33.0,Mid,0
EMP0734,27.0,16.0,5.0,46.0,64.0,7.0,92.0,Junior,0
EMP0735,45.0,15.0,3.0,89.0,129.0,6.0,96.0,Lead,1
EMP0736,43.0,18.0,5.0,88.0,41.0,8.0,67.0,Senior,0
EMP0738,35.0,3.0,4.0,36.0,106.0,17.0,44.0,Senior,1
EMP0739,45.0,9.0,4.0,48.0,55.0,16.0,87.0,Junior,0
EMP0740,46.0,10.0,5.0,6.0,105.0,5.0,59.0,Lead,0
EMP0741,38.0,13.0,5.0,15.0,40.0,19.0,22.0,Mid,0
EMP0742,56.0,13.0,5.0,56.0,180.0,10.0,4.0,Junior,0
EMP0743,41.0,25.0,1.0,69.0,184.0,6.0,96.0,Mid,0
EMP0744,49.0,10.0,4.0,39.0,108.0,7.0,21.0,Mid,0
EMP0745,23.0,24.0,1.0,51.0,13.0,9.0,62.0,Mid,0
EMP0746,55.0,10.0,4.0,51.0,9.0,10.0,21.0,Mid,0
EMP0747,22.0,3.0,2.0,26.0,38.0,5.0,99.0,Lead,0
EMP0748,24.0,25.0,2.0,74.0,1.0,6.0,43.0,Lead,0
EMP0749,43.0,24.0,3.0,16.0,169.0,10.0,44.0,Mid,0
EMP0751,36.0,9.0,4.0,39.0,164.0,19.0,88.0,Lead,0
EMP0752,57.0,13.0,5.0,46.0,74.0,7.0,14.0,Mid,0
EMP0753,33.0,17.0,3.0,31.0,36.0,8.0,3.0,Lead,1
EMP0754,58.0,16.0,2.0,62.0,83.0,12.0,24.0,Mid,0
EMP0755,28.0,5.0,2.0,94.0,119.0,4.0,42.0,Junior,0
EMP0756,52.0,4.0,1.0,29.0,139.0,13.0,77.0,Lead,0
EMP0757,26.0,18.0,2.0,17.0,198.0,10.0,81.0,Junior,0
EMP0758,48.0,5.0,1.0,2.0,133.0,17.0,74.0,Mid,0
EMP0759,46.0,10.0,1.0,48.0,109.0,1.0,30.0,Senior,0
EMP0760,38.0,11.0,1.0,71.0,117.0,2.0,51.0,Lead,0
EMP0761,49.0,2.0,3.0,54.0,198.0,15.0,78.0,Senior,0
EMP0762,48.0,14.0,4.0,29.0,159.0,9.0,51.0,Lead,0
EMP0763,41.0,23.0,5.0,51.0,177.0,12.0,64.0,Senior,0
EMP0764,50.0,3.0,5.0,15.0,163.0,15.0,83.0,Mid,0
EMP0765,48.0,21.0,1.0,19.0,27.0,14.0,2.0,Mid,0
EMP0766,38.0,12.0,4.0,21.0,182.0,0.0,59.0,Lead,1
EMP0767,59.0,13.0,3.0,73.0,131.0,6.0,91.0,Mid,0
EMP0768,37.0,13.0,2.0,21.0,177.0,10.0,87.0,Mid,0
EMP0769,30.0,5.0,2.0,37.0,139.0,14.0,12.0,Junior,1
EMP0770,53.0,10.0,5.0,36.0,145.0,10.0,52.0,Junior,0
EMP0771,22.0,29.0,1.0,84.0,50.0,2.0,95.0,Senior,1
EMP0772,30.0,22.0,4.0,71.0,73.0,10.0,73.0,Senior,0
EMP0773,28.0,2.0,3.0,2.0,107.0,10.0,94.0,Mid,1
EMP0774,58.0,8.0,2.0,91.0,60.0,14.0,56.0,Lead,1
EMP0776,58.0,6.0,4.0,42.0,35.0,10.0,76.0,Mid,0
EMP0777,25.0,3.0,3.0,58.0,61.0,10.0,20.0,Senior,1
EMP0778,58.0,11.0,4.0,68.0,137.0,7.0,89.0,Mid,1
EMP0779,31.0,24.0,4.0,94.0,61.0,8.0,55.0,Junior,1
EMP0780,31.0,14.0,5.0,83.0,107.0,8.0,79.0,Lead,0
EMP0781,56.0,29.0,2.0,7.0,29.0,10.0,55.0,Lead,0
EMP0782,29.0,26.0,1.0,85.0,59.0,16.0,20.0,Senior,0
EMP0783,44.0,17.0,1.0,56.0,80.0,18.0,51.0,Lead,0
EMP0784,28.0,7.0,3.0,39.0,21.0,14.0,51.0,Senior,0
EMP0785,23.0,26.0,2.0,25.0,100.0,2.0,26.0,Junior,0
EMP0786,59.0,14.0,5.0,51.0,103.0,11.0,68.0,Mid,0
EMP0787,41.0,15.0,1.0,77.0,32.0,15.0,38.0,Senior,1
EMP0788,52.0,16.0,2.0,12.0,31.0,3.0,70.0,Mid,0
EMP0789,51.0,26.0,2.0,74.0,79.0,7.0,36.0,Lead,0
EMP0790,46.0,18.0,5.0,51.0,25.0,10.0,70.0,Junior,0
EMP0791,31.0,0.0,3.0,76.0,142.0,4.0,35.0,Lead,1
EMP0792,38.0,20.0,2.0,18.0,94.0,6.0,55.0,Mid,0
EMP0793,30.0,20.0,4.0,62.0,164.0,9.0,18.0,Senior,0
EMP0794,53.0,23.0,1.0,13.0,73.0,18.0,23.0,Junior,0
EMP0795,45.0,22.0,3.0,77.0,112.0,12.0,19.0,Mid,0
EMP0796,37.0,7.0,5.0,6.0,166.0,18.0,90.0,Junior,0
EMP0797,33.0,13.0,4.0,60.0,62.0,18.0,5.0,Junior,0
EMP0798,56.0,6.0,2.0,62.0,54.0,5.0,51.0,Senior,0
EMP0799,38.0,23.0,3.0,78.0,163.0,1.0,87.0,Lead,0
EMP0800,50.0,29.0,2.0,29.0,87.0,18.0,56.0,Lead,0
EMP0801,57.0,8.0,3.0,80.0,198.0,10.0,85.0,Lead,0
EMP0802,56.0,27.0,5.0,81.0,87.0,17.0,74.0,Mid,0
EMP0803,25.0,10.0,5.0,31.0,19.0,9.0,85.0,Mid,0
EMP0804,28.0,2.0,3.0,18.0,4.0,10.0,97.0,Mid,0
EMP0805,40.0,14.0,1.0,57.0,132.0,3.0,98.0,Junior,1
EMP0806,41.0,20.0,2.0,89.0,180.0,12.0,32.0,Mid,1
EMP0807,43.0,19.0,3.0,80.0,79.0,13.0,82.0,Junior,1
EMP0808,42.0,27.0,4.0,91.0,176.0,10.0,86.0,Junior,0
EMP0809,26.0,4.0,1.0,84.0,147.0,17.0,13.0,Senior,1
EMP0810,53.0,4.0,3.0,36.0,23.0,4.0,1.0,Lead,0
EMP0811,22.0,15.0,1.0,30.0,107.0,6.0,71.0,Junior,1
EMP0813,49.0,22.0,5.0,27.0,4.0,6.0,92.0,Mid,1
EMP0814,58.0,29.0,1.0,40.0,136.0,10.0,79.0,Lead,0
EMP0815,41.0,5.0,5.0,39.0,176.0,18.0,87.0,Mid,0
EMP0816,39.0,29.0,4.0,75.0,54.0,16.0,5.0,Senior,1
EMP0817,26.0,6.0,1.0,69.0,18.0,18.0,21.0,Junior,1
EMP0818,52.0,14.0,4.0,64.0,162.0,2.0,27.0,Junior,0
EMP0819,23.0,29.0,2.0,44.0,186.0,10.0,20.0,Senior,0
EMP0821,23.0,17.0,1.0,75.0,91.0,14.0,8.0,Mid,1
EMP0822,39.0,8.0,3.0,82.0,23.0,7.0,51.0,Lead,0
EMP0823,56.0,13.0,2.0,67.0,160.0,10.0,99.0,Mid,0
EMP0824,46.0,14.0,1.0,7.0,147.0,10.0,92.0,Lead,0
EMP0825,37.0,2.0,2.0,6.0,90.0,15.0,49.0,Junior,1
EMP0826,41.0,21.0,3.0,8.0,20.0,17.0,72.0,Senior,0
EMP0827,25.0,18.0,5.0,79.0,88.0,4.0,19.0,Senior,0
EMP0828,53.0,6.0,1.0,23.0,120.0,9.0,43.0,Lead,0
EMP0829,41.0,10.0,3.0,52.0,40.0,2.0,4.0,Mid,0
EMP0830,36.0,1.0,4.0,26.0,90.0,10.0,61.0,Junior,1
EMP0831,39.0,0.0,1.0,74.0,137.0,7.0,22.0,Mid,0
EMP0832,41.0,5.0,5.0,74.0,188.0,19.0,41.0,Junior,0
EMP0833,24.0,29.0,2.0,27.0,128.0,2.0,66.0,Mid,1
EMP0834,41.0,2.0,1.0,93.0,174.0,17.0,10.0,Senior,0
EMP0835,50.0,13.0,3.0,87.0,190.0,12.0,12.0,Senior,0
EMP0836,29.0,18.0,4.0,40.0,145.0,17.0,74.0,Mid,1
EMP0837,22.0,15.0,5.0,89.0,3.0,6.0,6.0,Lead,0
EMP0838,42.0,20.0,1.0,18.0,103.0,17.0,33.0,Senior,0
EMP0839,23.0,10.0,3.0,14.0,146.0,10.0,44.0,Junior,1
EMP0840,55.0,23.0,1.0,11.0,172.0,8.0,41.0,Junior,0
EMP0841,42.0,22.0,1.0,90.0,79.0,3.0,53.0,Lead,0
EMP0842,54.0,23.0,2.0,29.0,105.0,14.0,87.0,Lead,0
EMP0843,28.0,26.0,1.0,8.0,133.0,10.0,22.0,Senior,0
EMP0844,36.0,3.0,2.0,51.0,3.0,8.0,4.0,Mid,1
EMP0845,30.0,4.0,5.0,30.0,1.0,13.0,62.0,Junior,1
EMP0846,51.0,11.0,5.0,23.0,190.0,13.0,70.0,Junior,0
EMP0847,38.0,14.0,1.0,85.0,12.0,13.0,97.0,Senior,0
EMP0848,59.0,0.0,2.0,61.0,131.0,10.0,97.0,Junior,0
EMP0849,42.0,25.0,2.0,80.0,12.0,6.0,51.0,Junior,1
EMP0851,58.0,23.0,5.0,98.0,104.0,13.0,11.0,Mid,0
EMP0852,38.0,19.0,5.0,90.0,115.0,10.0,12.0,Junior,0
EMP0853,38.0,8.0,4.0,24.0,143.0,7.0,64.0,Junior,0
EMP0854,32.0,15.0,5.0,97.0,80.0,5.0,76.0,Senior,1
EMP0856,22.0,19.0,1.0,87.0,155.0,6.0,36.0,Senior,0
EMP0857,41.0,25.0,1.0,41.0,110.0,12.0,51.0,Senior,0
EMP0858,46.0,16.0,5.0,14.0,103.0,19.0,50.0,Senior,0
EMP0859,37.0,26.0,2.0,29.0,57.0,11.0,67.0,Senior,1
EMP0860,41.0,3.0,1.0,74.0,162.0,10.0,78.0,Lead,0
EMP0861,53.0,2.0,5.0,9.0,23.0,18.0,73.0,Senior,0
EMP0862,46.0,15.0,4.0,55.0,45.0,1.0,59.0,Senior,1
EMP0863,34.0,8.0,3.0,91.0,83.0,0.0,83.0,Senior,0
EMP0864,37.0,28.0,3.0,70.0,171.0,6.0,79.0,Junior,0
EMP0865,41.0,16.0,4.0,2.0,191.0,12.0,99.0,Junior,0
EMP0866,49.0,21.0,5.0,82.0,142.0,5.0,88.0,Junior,0
EMP0867,41.0,6.0,1.0,78.0,31.0,17.0,86.0,Mid,0
EMP0868,52.0,15.0,5.0,76.0,89.0,19.0,23.0,Mid,0
EMP0869,49.0,12.0,5.0,95.0,53.0,5.0,46.0,Junior,0
EMP0870,50.0,17.0,3.0,50.0,197.0,0.0,45.0,Mid,0
EMP0871,55.0,7.0,4.0,54.0,103.0,14.0,10.0,Mid,1
EMP0872,58.0,1.0,3.0,0.0,18.0,12.0,64.0,Junior,1
EMP0874,26.0,13.0,3.0,6.0,22.0,9.0,70.0,Junior,0
EMP0875,41.0,19.0,5.0,7.0,124.0,1.0,15.0,Mid,1
EMP0877,58.0,10.0,3.0,0.0,57.0,13.0,52.0,Mid,1
EMP0878,52.0,18.0,1.0,65.0,148.0,15.0,62.0,Junior,0
EMP0879,54.0,8.0,2.0,93.0,60.0,6.0,15.0,Junior,1
EMP0880,53.0,28.0,2.0,66.0,26.0,11.0,51.0,Lead,1
EMP0881,38.0,15.0,2.0,58.0,5.0,16.0,4.0,Mid,0
EMP0882,44.0,26.0,5.0,11.0,145.0,7.0,18.0,Mid,0
EMP0883,58.0,1.0,1.0,30.0,186.0,0.0,35.0,Mid,0
EMP0884,38.0,7.0,2.0,99.0,161.0,1.0,75.0,Mid,1
EMP0885,39.0,23.0,1.0,50.0,156.0,0.0,76.0,Mid,0
EMP0886,35.0,24.0,3.0,68.0,120.0,17.0,34.0,Junior,0
EMP0887,37.0,6.0,2.0,17.0,86.0,9.0,28.0,Mid,0
EMP0888,45.0,24.0,3.0,86.0,103.0,19.0,40.0,Senior,1
EMP0889,41.0,3.0,1.0,6.0,128.0,17.0,68.0,Mid,0
EMP0891,42.0,22.0,4.0,14.0,64.0,10.0,42.0,Junior,1
EMP0892,40.0,3.0,4.0,86.0,198.0,10.0,3.0,Senior,0
EMP0893,37.0,27.0,3.0,23.0,164.0,17.0,17.0,Mid,0
EMP0894,49.0,15.0,5.0,32.0,100.0,14.0,23.0,Senior,0
EMP0895,26.0,24.0,4.0,47.0,170.0,12.0,54.0,Senior,0
EMP0896,29.0,3.0,5.0,93.0,191.0,1.0,68.0,Senior,0
EMP0897,36.0,8.0,4.0,97.0,93.0,17.0,7.0,Lead,0
EMP0898,30.0,2.0,3.0,8.0,98.0,16.0,13.0,Lead,0
EMP0899,39.0,15.0,3.0,41.0,67.0,17.0,87.0,Senior,0
EMP0900,41.0,22.0,2.0,30.0,132.0,11.0,46.0,Junior,1
EMP0901,57.0,9.0,3.0,63.0,16.0,8.0,88.0,Mid,1
EMP0902,47.0,3.0,3.0,62.0,177.0,15.0,8.0,Lead,0
EMP0903,23.0,8.0,2.0,0.0,23.0,12.0,64.0,Senior,1
EMP0904,59.0,29.0,4.0,96.0,128.0,11.0,61.0,Lead,0
EMP0905,27.0,0.0,3.0,32.0,138.0,5.0,50.0,Lead,0
EMP0906,24.0,0.0,3.0,51.0,108.0,0.0,26.0,Lead,0
EMP0907,42.0,8.0,5.0,90.0,37.0,10.0,44.0,Lead,0
EMP0908,44.0,26.0,1.0,8.0,55.0,10.0,51.0,Senior,1
EMP0909,47.0,2.0,3.0,4.0,95.0,0.0,51.0,Junior,0
EMP0910,43.0,10.0,1.0,53.0,130.0,8.0,0.0,Mid,0
EMP0911,41.0,18.0,4.0,10.0,147.0,8.0,15.0,Mid,1
EMP0912,51.0,0.0,2.0,57.0,3.0,19.0,94.0,Mid,1
EMP0913,53.0,5.0,4.0,30.0,77.0,16.0,37.0,Mid,1
EMP0914,23.0,25.0,5.0,42.0,121.0,17.0,11.0,Lead,0
EMP0915,59.0,13.0,3.0,32.0,198.0,12.0,59.0,Lead,1
EMP0916,51.0,17.0,4.0,28.0,160.0,9.0,57.0,Lead,0
EMP0917,41.0,10.0,2.0,2.0,185.0,11.0,32.0,Lead,0
EMP0918,48.0,19.0,1.0,55.0,187.0,16.0,61.0,Senior,0
EMP0919,33.0,17.0,4.0,52.0,172.0,7.0,94.0,Junior,1
EMP0920,44.0,23.0,5.0,89.0,131.0,17.0,51.0,Mid,0
EMP0921,36.0,19.0,3.0,64.0,112.0,8.0,4.0,Senior,0
EMP0922,56.0,19.0,3.0,14.0,44.0,0.0,74.0,Lead,0
EMP0923,24.0,19.0,5.0,3.0,16.0,6.0,51.0,Mid,1
EMP0925,26.0,21.0,1.0,51.0,113.0,19.0,39.0,Senior,0
EMP0927,31.0,17.0,1.0,32.0,23.0,7.0,76.0,Senior,0
EMP0928,43.0,28.0,1.0,80.0,150.0,13.0,19.0,Junior,0
EMP0929,41.0,28.0,4.0,22.0,156.0,11.0,89.0,Mid,0
EMP0930,59.0,8.0,2.0,51.0,190.0,16.0,49.0,Mid,0
EMP0931,41.0,21.0,2.0,92.0,80.0,14.0,96.0,Senior,1
EMP0932,23.0,14.0,4.0,78.0,58.0,11.0,51.0,Senior,1
EMP0933,46.0,15.0,1.0,84.0,182.0,18.0,28.0,Lead,0
EMP0934,59.0,15.0,3.0,46.0,64.0,7.0,34.0,Mid,0
EMP0935,51.0,21.0,2.0,61.0,65.0,17.0,82.0,Senior,1
EMP0936,27.0,11.0,4.0,61.0,182.0,12.0,68.0,Senior,0
EMP0937,36.0,14.0,3.0,88.0,175.0,6.0,4.0,Senior,0
EMP0938,42.0,21.0,4.0,80.0,83.0,10.0,85.0,Mid,1
EMP0939,41.0,29.0,1.0,12.0,134.0,5.0,4.0,Junior,1
EMP0940,34.0,10.0,1.0,71.0,50.0,4.0,51.0,Mid,0
EMP0941,32.0,0.0,1.0,51.0,187.0,8.0,15.0,Lead,1
EMP0942,25.0,20.0,1.0,34.0,93.0,15.0,60.0,Senior,0
EMP0944,35.0,14.0,3.0,25.0,23.0,14.0,11.0,Mid,0
EMP0946,33.0,7.0,4.0,3.0,56.0,13.0,95.0,Mid,0
EMP0947,35.0,9.0,3.0,43.0,103.0,10.0,88.0,Mid,1
EMP0949,46.0,15.0,2.0,40.0,133.0,14.0,50.0,Senior,0
EMP0950,40.0,27.0,4.0,60.0,135.0,13.0,44.0,Junior,0
EMP0951,39.0,20.0,2.0,54.0,38.0,1.0,88.0,Mid,0
EMP0952,33.0,5.0,3.0,1.0,59.0,12.0,6.0,Senior,0
EMP0953,24.0,15.0,5.0,61.0,14.0,14.0,40.0,Junior,0
EMP0954,58.0,11.0,2.0,48.0,110.0,1.0,25.0,Senior,1
EMP0955,30.0,25.0,4.0,73.0,199.0,5.0,52.0,Lead,0
EMP0956,50.0,6.0,4.0,64.0,115.0,10.0,91.0,Senior,0
EMP0957,49.0,19.0,2.0,27.0,138.0,19.0,49.0,Junior,0
EMP0958,43.0,14.0,4.0,93.0,46.0,16.0,67.0,Junior,1
EMP0959,22.0,4.0,5.0,47.0,25.0,8.0,53.0,Senior,1
EMP0960,33.0,2.0,5.0,15.0,78.0,11.0,93.0,Senior,0
EMP0961,25.0,7.0,3.0,13.0,64.0,13.0,99.0,Lead,0
EMP0962,41.0,12.0,1.0,50.0,13.0,15.0,31.0,Mid,0
EMP0963,24.0,27.0,5.0,78.0,117.0,15.0,50.0,Junior,0
EMP0964,27.0,26.0,2.0,51.0,110.0,15.0,93.0,Lead,1
EMP0965,22.0,28.0,4.0,23.0,152.0,5.0,9.0,Junior,0
EMP0966,38.0,17.0,3.0,28.0,177.0,2.0,61.0,Lead,0
EMP0968,24.0,28.0,1.0,97.0,37.0,16.0,65.0,Mid,0
EMP0969,41.0,23.0,1.0,67.0,103.0,2.0,17.0,Mid,0
EMP0970,39.0,17.0,1.0,91.0,86.0,13.0,99.0,Lead,0
EMP0971,54.0,18.0,5.0,29.0,10.0,9.0,75.0,Lead,0
EMP0972,47.0,16.0,4.0,84.0,71.0,19.0,37.0,Senior,1
EMP0973,43.0,7.0,1.0,70.0,133.0,10.0,56.0,Mid,1
EMP0974,22.0,20.0,1.0,59.0,134.0,5.0,1.0,Junior,0
EMP0975,40.0,3.0,3.0,49.0,123.0,1.0,50.0,Lead,0
EMP0976,27.0,5.0,4.0,38.0,14.0,9.0,40.0,Lead,1
EMP0977,47.0,28.0,5.0,50.0,103.0,16.0,6.0,Junior,0
EMP0978,42.0,21.0,4.0,94.0,103.0,1.0,82.0,Mid,0
EMP0979,26.0,15.0,5.0,15.0,143.0,0.0,15.0,Lead,1
EMP0980,39.0,4.0,1.0,92.0,72.0,7.0,40.0,Mid,0
EMP0981,36.0,9.0,4.0,95.0,139.0,13.0,12.0,Lead,1
EMP0982,41.0,9.0,5.0,13.0,13.0,4.0,38.0,Mid,0
EMP0983,49.0,27.0,4.0,56.0,176.0,4.0,93.0,Mid,0
EMP0984,58.0,10.0,2.0,77.0,69.0,7.0,13.0,Mid,0
EMP0985,30.0,7.0,4.0,48.0,19.0,11.0,86.0,Mid,0
EMP0986,47.0,26.0,3.0,30.0,28.0,16.0,75.0,Senior,1
EMP0987,41.0,4.0,3.0,67.0,97.0,1.0,21.0,Junior,0
EMP0988,28.0,9.0,5.0,75.0,139.0,10.0,6.0,Senior,0
EMP0989,30.0,10.0,3.0,43.0,129.0,5.0,68.0,Lead,1
EMP0990,54.0,24.0,3.0,46.0,139.0,16.0,62.0,Junior,1
EMP0991,43.0,9.0,1.0,44.0,185.0,8.0,65.0,Mid,0
EMP0992,22.0,26.0,3.0,51.0,154.0,0.0,74.0,Senior,0
EMP0993,29.0,17.0,4.0,94.0,175.0,2.0,51.0,Senior,0
EMP0994,55.0,2.0,4.0,64.0,147.0,14.0,87.0,Junior,1
EMP0995,46.0,1.0,2.0,29.0,98.0,2.0,92.0,Junior,1
EMP0996,54.0,12.0,1.0,51.0,81.0,5.0,95.0,Senior,0
EMP0997,30.0,13.0,3.0,15.0,166.0,13.0,19.0,Mid,0
EMP0999,32.0,18.0,1.0,51.0,183.0,1.0,34.0,Senior,0
EMP1000,40.0,15.0,4.0,51.0,152.0,18.0,3.0,Senior,0
